{
  "Actor": {
    "types": ["character"],
    "templates": {
      "base": {
        "attrition": {
          "value": 6,
          "min": 0,
          "max": 6
        },
        "tension": {
          "value": 6,
          "min": 0,
          "max": 6
        },
        "biography": ""
      }
    },
    "character": {
      "templates": ["base"],
      "attributes": {
        "exp": {
          "value": 1000
        }
      },
      "abilities": {
        "agi": {
          "value": 3
        },
        "bra": {
          "value": 3
        },
        "fel": {
          "value": 3
        },
        "int": {
          "value": 3
        },
        "per": {
          "value": 3
        },
        "wil": {
          "value": 3
        }
      },
      "skills": {
        "action": {
          "value": 0,
          "min": 0,
          "max": 3,
          "user": 0,
          "calc": 2
        },
        "creation": {
          "value": 0,
          "min": 0,
          "max": 3,
          "user": 0,
          "calc": 2
        },
        "darkness": {
          "value": 0,
          "min": 0,
          "max": 3,
          "user": 0,
          "calc": 2
        },
        "immanence": {
          "value": 0,
          "min": 0,
          "max": 3,
          "user": 0,
          "calc": 2
        },
        "luminance": {
          "value": 0,
          "min": 0,
          "max": 3,
          "user": 0,
          "calc": 2
        },
        "potency": {
          "value": 0,
          "min": 0,
          "max": 3,
          "user": 0,
          "calc": 2
        },
        "resolve": {
          "value": 0,
          "min": 0,
          "max": 3,
          "user": 0,
          "calc": 2
        },
        "traversal": {
          "value": 0,
          "min": 0,
          "max": 3,
          "user": 0,
          "calc": 2
        },
        "unity": {
          "value": 0,
          "min": 0,
          "max": 3,
          "user": 0,
          "calc": 2
        },
        "vitality": {
          "value": 0,
          "min": 0,
          "max": 3,
          "user": 0,
          "calc": 2
        }
      }
    }
  },
  "Item": {
    "types": ["item", "feature", "spell"],
    "templates": {
      "base": {
        "description": ""
      }
    },
    "item": {
      "templates": ["base"],
      "quantity": 1,
      "weight": 0,
      "formula": "d20 + @str.mod + ceil(@lvl / 2)"
    },
    "feature": {
      "templates": ["base"]
    },
    "spell": {
      "templates": ["base"],
      "spellLevel": 1
    }
  }
}
